{"cameraMode":{"drawMode":0,"name":"Shaded","section":"Shading Mode"},"sceneLighting":true,"audioPlay":false,"sceneViewState":{"showFog":false,"showMaterialUpdate":true,"showSkybox":true,"showFlares":true,"showImageEffects":true,"showParticleSystems":true},"in2DMode":false,"pivot":{"x":0.536928117275238,"y":-10.651472091674805,"z":0.5861693620681763},"rotation":{"x":0.012112145312130452,"y":0.7494930028915405,"z":-0.6617593169212341,"w":0.013717946596443653},"size":23.718528747558595,"orthographic":false}